campaign_id,campaign_name,campaign_date,channel,spend_inr,impressions,clicks,conversions,revenue_inr
CAM5000000,Google Ads Jan-2023,2023-01-01,Google Ads,86483.18,2369811,70242,3689,228192.96
CAM5000001,Meta Ads Jan-2023,2023-01-01,Meta Ads,146731.47,1831547,86133,6908,841852.43
CAM5000002,Email Jan-2023,2023-01-01,Email,82346.12,905347,13614,670,340242.87
CAM5000003,Affiliate Jan-2023,2023-01-01,Affiliate,194584.13,3780924,101890,10736,1086223.28
CAM5000004,Influencer Jan-2023,2023-01-01,Influencer,351862.34,6082867,150541,10227,1756266.9
CAM5000005,Google Ads Feb-2023,2023-02-01,Google Ads,430075.52,10013502,349666,18416,1276922.92
CAM5000006,Meta Ads Feb-2023,2023-02-01,Meta Ads,376637.08,5036285,126189,12778,2701179.45
CAM5000007,Email Feb-2023,2023-02-01,Email,229775.72,2559673,117649,10204,1718862.91
CAM5000008,Affiliate Feb-2023,2023-02-01,Affiliate,326346.66,5892352,208144,22011,1561993.37
CAM5000009,Influencer Feb-2023,2023-02-01,Influencer,142689.69,3591858,125938,11738,495920.46
CAM5000010,Google Ads Mar-2023,2023-03-01,Google Ads,308450.19,3146217,65123,5176,1417098.24
CAM5000011,Meta Ads Mar-2023,2023-03-01,Meta Ads,407346.56,6025165,315509,24607,3052067.09
CAM5000012,Email Mar-2023,2023-03-01,Email,385102.0,4850647,173568,8232,1524404.06
CAM5000013,Affiliate Mar-2023,2023-03-01,Affiliate,374806.17,10243380,489256,52793,1236878.34
CAM5000014,Influencer Mar-2023,2023-03-01,Influencer,124396.68,2893610,88235,4729,748255.33
CAM5000015,Google Ads Apr-2023,2023-04-01,Google Ads,57908.68,1546212,48178,1270,391814.85
CAM5000016,Meta Ads Apr-2023,2023-04-01,Meta Ads,374569.99,8557881,243265,22507,914432.93
CAM5000017,Email Apr-2023,2023-04-01,Email,63921.16,1059980,24335,1465,326412.38
CAM5000018,Affiliate Apr-2023,2023-04-01,Affiliate,36682.07,589127,9074,827,183918.23
CAM5000019,Influencer Apr-2023,2023-04-01,Influencer,222259.61,5345850,255563,25713,556012.55
CAM5000020,Google Ads May-2023,2023-05-01,Google Ads,87843.64,1437131,50413,1995,307961.73
CAM5000021,Meta Ads May-2023,2023-05-01,Meta Ads,92463.63,1529118,45842,1178,689633.67
CAM5000022,Email May-2023,2023-05-01,Email,320374.86,7881309,359118,20158,1630155.49
CAM5000023,Affiliate May-2023,2023-05-01,Affiliate,136631.3,3689697,170272,7055,258168.23
CAM5000024,Influencer May-2023,2023-05-01,Influencer,169344.98,1854702,56508,4192,857391.03
CAM5000025,Google Ads Jun-2023,2023-06-01,Google Ads,303630.96,4147615,173742,5596,1176893.24
CAM5000026,Meta Ads Jun-2023,2023-06-01,Meta Ads,289820.39,4293949,214232,11808,1011015.5
CAM5000027,Email Jun-2023,2023-06-01,Email,417123.81,9028886,464876,18319,1581811.38
CAM5000028,Affiliate Jun-2023,2023-06-01,Affiliate,437525.47,9116491,143909,11191,2948978.52
CAM5000029,Influencer Jun-2023,2023-06-01,Influencer,408827.47,8716890,258053,18861,2043231.14
CAM5000030,Google Ads Jul-2023,2023-07-01,Google Ads,221572.3,5344794,161952,14637,1132208.41
CAM5000031,Meta Ads Jul-2023,2023-07-01,Meta Ads,426288.32,8159353,358552,14563,1421467.09
CAM5000032,Email Jul-2023,2023-07-01,Email,138504.4,2518633,95727,4644,439777.67
CAM5000033,Affiliate Jul-2023,2023-07-01,Affiliate,448267.13,12016176,241600,22185,841934.23
CAM5000034,Influencer Jul-2023,2023-07-01,Influencer,297519.12,6846242,350699,28346,641424.53
CAM5000035,Google Ads Aug-2023,2023-08-01,Google Ads,81032.24,1946523,55681,2350,519676.17
CAM5000036,Meta Ads Aug-2023,2023-08-01,Meta Ads,449464.47,10654033,342389,9967,1099332.78
CAM5000037,Email Aug-2023,2023-08-01,Email,378959.33,8969347,287402,7501,2468051.96
CAM5000038,Affiliate Aug-2023,2023-08-01,Affiliate,176997.98,3941175,85399,2444,1193494.37
CAM5000039,Influencer Aug-2023,2023-08-01,Influencer,112479.62,1239169,55196,1602,212110.72
CAM5000040,Google Ads Sep-2023,2023-09-01,Google Ads,375246.2,8128796,257173,21357,2465228.67
CAM5000041,Meta Ads Sep-2023,2023-09-01,Meta Ads,197102.24,2501620,75675,3791,643103.54
CAM5000042,Email Sep-2023,2023-09-01,Email,197338.41,2658132,57990,5376,554735.02
CAM5000043,Affiliate Sep-2023,2023-09-01,Affiliate,60186.12,757132,26735,2046,289026.25
CAM5000044,Influencer Sep-2023,2023-09-01,Influencer,210353.43,5582719,174453,6163,590607.55
CAM5000045,Google Ads Oct-2023,2023-10-01,Google Ads,217238.01,4077263,188699,18003,1342199.25
CAM5000046,Meta Ads Oct-2023,2023-10-01,Meta Ads,310943.21,6497246,290547,17982,2246439.9
CAM5000047,Email Oct-2023,2023-10-01,Email,304637.16,3456716,157161,15421,2209082.49
CAM5000048,Affiliate Oct-2023,2023-10-01,Affiliate,354797.14,6275574,200348,12739,2425379.4
CAM5000049,Influencer Oct-2023,2023-10-01,Influencer,57819.04,1539468,71411,6864,195167.36
CAM5000050,Google Ads Nov-2023,2023-11-01,Google Ads,279533.14,7671178,353161,15697,1021056.59
CAM5000051,Meta Ads Nov-2023,2023-11-01,Meta Ads,168656.03,2142148,57212,3675,502312.36
CAM5000052,Email Nov-2023,2023-11-01,Email,47378.8,529026,15409,1578,319701.86
CAM5000053,Affiliate Nov-2023,2023-11-01,Affiliate,224102.29,3756008,84179,8880,1255419.74
CAM5000054,Influencer Nov-2023,2023-11-01,Influencer,396249.36,8778212,321747,16520,2268607.37
CAM5000055,Google Ads Dec-2023,2023-12-01,Google Ads,222564.98,4663357,212629,6232,1256580.71
CAM5000056,Meta Ads Dec-2023,2023-12-01,Meta Ads,414516.17,4693335,123909,3685,1142934.3
CAM5000057,Email Dec-2023,2023-12-01,Email,199465.32,3240570,105387,5137,1237409.89
CAM5000058,Affiliate Dec-2023,2023-12-01,Affiliate,80268.18,935409,35386,2653,466718.68
CAM5000059,Influencer Dec-2023,2023-12-01,Influencer,407843.04,4703361,199300,6926,1714175.15
CAM5000060,Google Ads Jan-2024,2024-01-01,Google Ads,436640.74,6058352,202933,20676,2012475.39
CAM5000061,Meta Ads Jan-2024,2024-01-01,Meta Ads,199557.89,3344171,119337,11055,1288304.49
CAM5000062,Email Jan-2024,2024-01-01,Email,425435.02,4474405,242194,15303,2418748.54
CAM5000063,Affiliate Jan-2024,2024-01-01,Affiliate,380751.54,9074695,260602,8747,1216209.66
CAM5000064,Influencer Jan-2024,2024-01-01,Influencer,110398.67,1283319,24585,1578,508861.24
CAM5000065,Google Ads Feb-2024,2024-02-01,Google Ads,424065.99,9599666,359143,31756,1475267.27
CAM5000066,Meta Ads Feb-2024,2024-02-01,Meta Ads,401543.31,9859201,158331,8630,2996930.74
CAM5000067,Email Feb-2024,2024-02-01,Email,156327.31,2810256,84777,4604,554194.72
CAM5000068,Affiliate Feb-2024,2024-02-01,Affiliate,254839.2,6862696,232830,25568,1688665.73
CAM5000069,Influencer Feb-2024,2024-02-01,Influencer,336781.5,5064783,211399,11263,2148125.74
CAM5000070,Google Ads Mar-2024,2024-03-01,Google Ads,290536.22,6497862,347776,26894,577240.49
CAM5000071,Meta Ads Mar-2024,2024-03-01,Meta Ads,219512.71,2354910,112953,4155,460887.5
CAM5000072,Email Mar-2024,2024-03-01,Email,185795.86,3022585,88040,2712,1364264.63
CAM5000073,Affiliate Mar-2024,2024-03-01,Affiliate,221382.3,5449389,168336,7533,1128362.66
CAM5000074,Influencer Mar-2024,2024-03-01,Influencer,151563.23,2981969,67620,2982,764855.16
CAM5000075,Google Ads Apr-2024,2024-04-01,Google Ads,352552.09,6031927,222105,7833,1028420.88
CAM5000076,Meta Ads Apr-2024,2024-04-01,Meta Ads,406921.25,9342917,471644,14327,1167260.87
CAM5000077,Email Apr-2024,2024-04-01,Email,272131.55,6511930,340302,26705,1412684.78
CAM5000078,Affiliate Apr-2024,2024-04-01,Affiliate,27572.21,426196,14794,1192,100337.43
CAM5000079,Influencer Apr-2024,2024-04-01,Influencer,281889.35,3556667,89499,9381,923854.9
CAM5000080,Google Ads May-2024,2024-05-01,Google Ads,231762.09,6047692,324898,9162,1039070.4
CAM5000081,Meta Ads May-2024,2024-05-01,Meta Ads,424344.53,4445263,217798,15733,2548384.5
CAM5000082,Email May-2024,2024-05-01,Email,342440.71,8129028,307400,27218,2410286.25
CAM5000083,Affiliate May-2024,2024-05-01,Affiliate,435110.82,9647159,429282,23513,1878975.08
CAM5000084,Influencer May-2024,2024-05-01,Influencer,213708.15,5276421,206405,12141,1258005.85
CAM5000085,Google Ads Jun-2024,2024-06-01,Google Ads,159679.49,2981182,68318,3127,938132.76
CAM5000086,Meta Ads Jun-2024,2024-06-01,Meta Ads,233277.02,2990189,106684,5623,869264.73
CAM5000087,Email Jun-2024,2024-06-01,Email,397933.86,6433415,336345,19790,2774936.57
CAM5000088,Affiliate Jun-2024,2024-06-01,Affiliate,414657.58,4693723,188103,9585,1493699.26
CAM5000089,Influencer Jun-2024,2024-06-01,Influencer,222387.95,4144526,205649,13914,1201981.88
CAM5000090,Google Ads Jul-2024,2024-07-01,Google Ads,351251.55,4460239,144107,5272,1639193.7
CAM5000091,Meta Ads Jul-2024,2024-07-01,Meta Ads,426409.12,9416190,333355,11397,2993767.8
CAM5000092,Email Jul-2024,2024-07-01,Email,132840.51,2987546,120701,8221,858003.42
CAM5000093,Affiliate Jul-2024,2024-07-01,Affiliate,339943.77,5455525,212545,8627,1291944.37
CAM5000094,Influencer Jul-2024,2024-07-01,Influencer,132616.79,2719784,96091,9671,499032.75
CAM5000095,Google Ads Aug-2024,2024-08-01,Google Ads,145559.24,2252984,79003,8540,815429.05
CAM5000096,Meta Ads Aug-2024,2024-08-01,Meta Ads,149403.94,2690751,81664,4478,340360.69
CAM5000097,Email Aug-2024,2024-08-01,Email,393086.45,5764630,150927,7819,2629812.7
CAM5000098,Affiliate Aug-2024,2024-08-01,Affiliate,269115.56,7479814,253021,10951,1755578.91
CAM5000099,Influencer Aug-2024,2024-08-01,Influencer,58918.38,1223619,30951,1788,250019.51
CAM5000100,Google Ads Sep-2024,2024-09-01,Google Ads,412240.12,9498255,290768,9872,2220710.03
CAM5000101,Meta Ads Sep-2024,2024-09-01,Meta Ads,293363.05,6437828,279735,29298,1676490.95
CAM5000102,Email Sep-2024,2024-09-01,Email,299953.48,4992151,173034,6785,1470616.83
CAM5000103,Affiliate Sep-2024,2024-09-01,Affiliate,382942.73,5308062,291661,20246,912713.45
CAM5000104,Influencer Sep-2024,2024-09-01,Influencer,260466.59,4443548,96274,7110,1067782.07
CAM5000105,Google Ads Oct-2024,2024-10-01,Google Ads,419646.93,7749375,385685,23295,1084774.57
CAM5000106,Meta Ads Oct-2024,2024-10-01,Meta Ads,362081.33,8392612,276924,28933,761663.28
CAM5000107,Email Oct-2024,2024-10-01,Email,377746.49,6079521,122585,12426,2301176.88
CAM5000108,Affiliate Oct-2024,2024-10-01,Affiliate,193916.19,4192802,185546,10229,1252558.16
CAM5000109,Influencer Oct-2024,2024-10-01,Influencer,324286.52,7664043,238529,14557,1020686.16
CAM5000110,Google Ads Nov-2024,2024-11-01,Google Ads,408914.56,9926742,364973,32704,2617316.19
CAM5000111,Meta Ads Nov-2024,2024-11-01,Meta Ads,31488.96,863839,21835,1780,209097.24
CAM5000112,Email Nov-2024,2024-11-01,Email,340598.99,3927723,105068,4169,2267014.32
CAM5000113,Affiliate Nov-2024,2024-11-01,Affiliate,306491.76,3601356,175423,5609,909446.94
CAM5000114,Influencer Nov-2024,2024-11-01,Influencer,106716.99,2245328,57241,3718,242276.14
CAM5000115,Google Ads Dec-2024,2024-12-01,Google Ads,356320.66,8189772,310005,26854,1987151.35
CAM5000116,Meta Ads Dec-2024,2024-12-01,Meta Ads,53088.96,1057097,40229,3862,178566.64
CAM5000117,Email Dec-2024,2024-12-01,Email,184933.71,3587912,139802,14951,917407.11
CAM5000118,Affiliate Dec-2024,2024-12-01,Affiliate,190054.3,2346171,120489,9008,1314892.29
CAM5000119,Influencer Dec-2024,2024-12-01,Influencer,415995.76,10196709,392134,13517,1251909.06
CAM5000120,Google Ads Jan-2025,2025-01-01,Google Ads,138410.46,3313040,51420,1370,269210.93
CAM5000121,Meta Ads Jan-2025,2025-01-01,Meta Ads,35501.87,440973,10166,749,189681.35
CAM5000122,Email Jan-2025,2025-01-01,Email,429862.46,5687190,246481,6237,2104800.37
CAM5000123,Affiliate Jan-2025,2025-01-01,Affiliate,57493.65,688013,13136,1377,421786.46
CAM5000124,Influencer Jan-2025,2025-01-01,Influencer,289890.95,7659487,270605,14997,1319413.98
CAM5000125,Google Ads Feb-2025,2025-02-01,Google Ads,50368.16,789905,37713,2592,291269.83
CAM5000126,Meta Ads Feb-2025,2025-02-01,Meta Ads,362826.81,5884622,281933,12485,664382.36
CAM5000127,Email Feb-2025,2025-02-01,Email,263601.45,3666446,131340,8021,1456561.15
CAM5000128,Affiliate Feb-2025,2025-02-01,Affiliate,64312.27,1248818,27273,849,210619.03
CAM5000129,Influencer Feb-2025,2025-02-01,Influencer,364163.25,7676510,228835,12782,977210.3
CAM5000130,Google Ads Mar-2025,2025-03-01,Google Ads,314783.59,5219429,271883,22293,2147779.43
CAM5000131,Meta Ads Mar-2025,2025-03-01,Meta Ads,105530.77,1294879,62596,5219,609923.8
CAM5000132,Email Mar-2025,2025-03-01,Email,181107.56,4156882,115737,10186,1039811.07
CAM5000133,Affiliate Mar-2025,2025-03-01,Affiliate,263790.61,5173516,88208,6603,1875321.51
CAM5000134,Influencer Mar-2025,2025-03-01,Influencer,379923.86,6684482,154974,11605,1351444.67
CAM5000135,Google Ads Apr-2025,2025-04-01,Google Ads,191691.12,4786161,244426,7608,650419.56
CAM5000136,Meta Ads Apr-2025,2025-04-01,Meta Ads,39011.42,1035967,33239,2481,252762.55
CAM5000137,Email Apr-2025,2025-04-01,Email,278356.74,6293454,291834,21688,2035655.15
CAM5000138,Affiliate Apr-2025,2025-04-01,Affiliate,212690.21,3515856,141808,5706,939701.42
CAM5000139,Influencer Apr-2025,2025-04-01,Influencer,202764.62,4445561,199669,17542,1003702.89
CAM5000140,Google Ads May-2025,2025-05-01,Google Ads,147599.9,2593856,48036,3420,953297.4
CAM5000141,Meta Ads May-2025,2025-05-01,Meta Ads,163381.26,3028161,47035,1610,1048935.09
CAM5000142,Email May-2025,2025-05-01,Email,111995.64,2667158,41806,4068,825812.22
CAM5000143,Affiliate May-2025,2025-05-01,Affiliate,41709.38,1144115,60110,5195,126383.37
CAM5000144,Influencer May-2025,2025-05-01,Influencer,125814.02,3517327,167768,6215,604565.98
CAM5000145,Google Ads Jun-2025,2025-06-01,Google Ads,110401.53,1441720,62531,4700,794178.82
CAM5000146,Meta Ads Jun-2025,2025-06-01,Meta Ads,102043.26,2585537,39601,2392,568754.05
CAM5000147,Email Jun-2025,2025-06-01,Email,86621.02,1609887,62051,4666,409624.16
CAM5000148,Affiliate Jun-2025,2025-06-01,Affiliate,266033.51,3986858,201532,17516,582385.43
CAM5000149,Influencer Jun-2025,2025-06-01,Influencer,294392.14,7991248,290891,8225,1034344.04
CAM5000150,Google Ads Jul-2025,2025-07-01,Google Ads,107696.25,1964554,74191,1938,616062.55
CAM5000151,Meta Ads Jul-2025,2025-07-01,Meta Ads,133096.52,3122998,155153,11219,444853.16
CAM5000152,Email Jul-2025,2025-07-01,Email,430347.0,8024361,191590,5123,799035.42
CAM5000153,Affiliate Jul-2025,2025-07-01,Affiliate,182318.36,1915683,34349,1943,774920.23
CAM5000154,Influencer Jul-2025,2025-07-01,Influencer,366529.7,6126001,125060,10084,1405562.34
CAM5000155,Google Ads Aug-2025,2025-08-01,Google Ads,220697.59,5283225,253153,8822,733948.82
CAM5000156,Meta Ads Aug-2025,2025-08-01,Meta Ads,34595.89,411212,16400,1100,233132.12
CAM5000157,Email Aug-2025,2025-08-01,Email,76063.41,912887,16757,1476,174776.12
CAM5000158,Affiliate Aug-2025,2025-08-01,Affiliate,440349.14,11906450,606028,15807,2279686.65
CAM5000159,Influencer Aug-2025,2025-08-01,Influencer,158681.3,1827129,44204,3662,976067.51
CAM5000160,Google Ads Sep-2025,2025-09-01,Google Ads,112075.82,2958365,88337,2921,211752.81
CAM5000161,Meta Ads Sep-2025,2025-09-01,Meta Ads,178777.22,2417041,96190,4997,1049274.69
CAM5000162,Email Sep-2025,2025-09-01,Email,436332.86,4401578,130170,3504,2359966.72
CAM5000163,Affiliate Sep-2025,2025-09-01,Affiliate,269626.74,4752193,129999,10733,595877.82
CAM5000164,Influencer Sep-2025,2025-09-01,Influencer,45394.58,1215845,58112,4497,148742.45
CAM5000165,Google Ads Oct-2025,2025-10-01,Google Ads,142966.76,3525744,130326,13499,437051.38
CAM5000166,Meta Ads Oct-2025,2025-10-01,Meta Ads,64058.62,1464348,66099,3409,194193.24
CAM5000167,Email Oct-2025,2025-10-01,Email,70113.09,1820862,42979,3178,443161.15
CAM5000168,Affiliate Oct-2025,2025-10-01,Affiliate,242226.08,3366354,85413,7997,1608863.07
CAM5000169,Influencer Oct-2025,2025-10-01,Influencer,203478.19,2309080,78520,5815,566013.36
CAM5000170,Google Ads Nov-2025,2025-11-01,Google Ads,347502.0,7501000,267993,11862,2576535.27
CAM5000171,Meta Ads Nov-2025,2025-11-01,Meta Ads,230142.18,2445398,57727,3380,1400970.23
CAM5000172,Email Nov-2025,2025-11-01,Email,193719.38,3772751,57651,6107,1376874.32
CAM5000173,Affiliate Nov-2025,2025-11-01,Affiliate,407077.34,9794393,278217,11183,1966556.82
CAM5000174,Influencer Nov-2025,2025-11-01,Influencer,259594.81,3275017,141324,3861,608513.44
CAM5000175,Google Ads Dec-2025,2025-12-01,Google Ads,305462.45,7422980,241025,10139,1441250.53
CAM5000176,Meta Ads Dec-2025,2025-12-01,Meta Ads,407628.97,7157901,345380,25954,1294682.96
CAM5000177,Email Dec-2025,2025-12-01,Email,265629.46,4648394,188880,17783,1409616.22
CAM5000178,Affiliate Dec-2025,2025-12-01,Affiliate,278323.49,6959238,122932,3827,1829176.28
CAM5000179,Influencer Dec-2025,2025-12-01,Influencer,190715.8,3387884,122579,6841,1206342.55
