order_item_id,order_id,product_id,quantity,unit_price,discount_pct,gross_amount,rejection_reason
OI2013621,O1007205,P10909,-1,1216.04,10.81,2432.08,Invalid quantity (<= 0)
OI2021058,O1011122,P10688,-1,1238.46,12.97,1238.46,Invalid quantity (<= 0)
OI2023334,O1012332,P11346,-1,5551.29,13.57,5551.29,Invalid quantity (<= 0)
OI2028251,O1014901,P11301,-1,8411.39,3.94,8411.39,Invalid quantity (<= 0)
OI2030640,O1016180,P11335,0,418.87,14.08,418.87,Invalid quantity (<= 0)
OI2046745,O1024755,P12086,-1,1454.7,5.4,1454.7,Invalid quantity (<= 0)
OI2054836,O1029028,P11862,0,4638.11,11.55,4638.11,Invalid quantity (<= 0)
OI2058350,O1030904,P11792,-1,6295.83,6.99,6295.83,Invalid quantity (<= 0)
OI2064524,O1034167,P11748,0,9995.95,11.1,9995.95,Invalid quantity (<= 0)
OI2067413,O1035701,P10976,-1,1818.5,6.07,1818.5,Invalid quantity (<= 0)
OI2069951,O1037052,P11082,0,970.66,14.51,970.66,Invalid quantity (<= 0)
OI2071900,O1038125,P10286,0,1883.29,8.12,1883.29,Invalid quantity (<= 0)
OI2099606,O1052826,P12973,0,1546.9,7.13,1546.9,Invalid quantity (<= 0)
OI2105342,O1055884,P10299,0,4162.54,11.6,4162.54,Invalid quantity (<= 0)
OI2115030,O1060967,P11587,0,203.7,4.64,203.7,Invalid quantity (<= 0)
OI2132023,O1069971,P11140,0,640.23,3.58,1280.46,Invalid quantity (<= 0)
OI2134716,O1071393,P10168,0,1368.14,19.64,1368.14,Invalid quantity (<= 0)
OI2146203,O1077478,P11532,-1,1008.48,3.4,1008.48,Invalid quantity (<= 0)
OI2155546,O1082474,P10299,0,4365.84,7.28,4365.84,Invalid quantity (<= 0)
OI2155739,O1082578,P12991,0,5710.7,7.14,5710.7,Invalid quantity (<= 0)
OI2157057,O1083287,P10658,-1,5725.11,8.35,11450.22,Invalid quantity (<= 0)
OI2173958,O1092290,P11388,0,2918.58,5.03,2918.58,Invalid quantity (<= 0)
OI2181484,O1096247,P11525,-1,2661.63,4.94,2661.63,Invalid quantity (<= 0)
OI2203207,O1107720,P10940,0,2177.53,7.04,2177.53,Invalid quantity (<= 0)
OI2205342,O1108873,P10418,0,1220.44,2.32,1220.44,Invalid quantity (<= 0)
OI2209524,O1111098,P12042,-1,901.17,27.18,901.17,Invalid quantity (<= 0)
OI2214321,O1113653,P11783,0,554.26,10.68,554.26,Invalid quantity (<= 0)
OI2215333,O1114172,P11499,-1,15544.67,22.85,31089.34,Invalid quantity (<= 0)
OI2219530,O1116439,P10058,-1,1733.27,5.94,3466.54,Invalid quantity (<= 0)
OI2228797,O1121336,P12651,0,96.11,2.72,96.11,Invalid quantity (<= 0)
OI2244592,O1129781,P10438,-1,249.78,13.37,249.78,Invalid quantity (<= 0)
OI2251139,O1133330,P12806,0,9439.59,0.29,18879.18,Invalid quantity (<= 0)
OI2252120,O1133817,P11609,-1,145.78,8.66,145.78,Invalid quantity (<= 0)
OI2261080,O1138563,P10344,-1,3506.84,14.88,3506.84,Invalid quantity (<= 0)
OI2282680,O1150027,P11796,-1,1117.93,4.45,1117.93,Invalid quantity (<= 0)
OI2292130,O1155096,P10366,-1,705.55,8.59,705.55,Invalid quantity (<= 0)
OI2310031,O1164627,P10514,-1,541.69,9.86,541.69,Invalid quantity (<= 0)
OI2317751,O1168730,P10398,0,173.1,24.43,173.1,Invalid quantity (<= 0)
OI2320536,O1170194,P12230,0,2713.74,1.68,2713.74,Invalid quantity (<= 0)
OI2323001,O1171492,P12335,-1,1347.84,6.75,1347.84,Invalid quantity (<= 0)
